Object	Name
1	ape
1	ape
1	ape
1	ape
1	ape
1	ape
1	ape
1	ape
1	ape
1	ape
1	ape
1	ape
1	ape
1	ape
1	ape
1	ape
1	ape
1	ape
1	ape
1	ape
1	ape
1	ape
1	ape
1	ape
1	ape
1	ape
1	ape
1	ape
1	ape
1	ape
1	ape
1	ape
1	ape
1	ape
1	ape
1	ape
1	ape
1	ape
1	ape
1	ape
1	ape
1	ape
1	ape
1	ape
1	ape
1	ape
1	ape
1	ape
1	ape
1	ape
1	ape
1	ape
1	ape
1	ape
1	ape
1	ape
1	ape
1	ape
1	ape
1	ape
1	ape
1	ape
1	ape
1	ape
1	ape
1	ape
1	ape
1	ape
1	ape
1	ape
1	ape
1	ape
1	ape
1	ape
1	ape
1	ape
1	ape
1	ape
1	ape
1	ape
1	ape
1	ape
1	ape
1	ape
1	ape
1	ape
1	ape
1	ape
1	ape
1	ape
1	ape
1	ape
1	ape
1	ape
1	ape
1	ape
1	ape
1	ape
1	ape
1	ape
1	ape
1	ape
1	ape
1	ape
1	ape
1	ape
1	ape
1	ape
1	ape
1	ape
1	ape
1	ape
1	ape
1	ape
1	ape
1	ape
1	ape
1	ape
1	ape
1	ape
1	ape
1	ape
1	ape
1	ape
1	ape
1	ape
1	ape
1	ape
1	ape
1	ape
1	ape
1	ape
1	ape
1	ape
1	ape
1	ape
1	ape
1	ape
1	ape
1	ape
1	ape
1	ape
1	ape
1	ape
1	ape
1	ape
1	ape
1	ape
1	ape
1	ape
1	ape
1	ape
1	ape
1	ape
1	ape
1	ape
1	ape
1	ape
1	ape
1	ape
1	ape
1	ape
1	ape
1	ape
1	ape
1	ape
1	ape
1	ape
1	ape
1	ape
1	ape
1	ape
1	ape
1	ape
1	ape
1	ape
1	ape
1	ape
1	ape
1	ape
1	ape
1	ape
1	ape
1	ape
1	ape
1	ape
1	ape
1	ape
1	ape
1	ape
1	ape
1	ape
1	ape
1	ape
1	ape
1	ape
1	ape
1	ape
1	ape
1	ape
1	ape
1	ape
1	ape
1	ape
1	ape
1	ape
1	ape
1	ape
1	ape
1	ape
1	ape
1	ape
1	ape
1	ape
1	ape
1	ape
1	ape
1	ape
1	ape
1	ape
1	ape
1	ape
1	ape
1	ape
1	ape
1	ape
1	ape
1	ape
1	ape
1	ape
1	ape
1	ape
1	ape
1	ape
1	ape
1	ape
1	ape
1	ape
1	ape
1	ape
1	ape
1	ape
1	ape
1	ape
1	ape
1	ape
1	ape
1	ape
1	ape
1	ape
1	ape
1	ape
1	ape
1	ape
1	ape
1	ape
1	ape
1	ape
1	ape
1	ape
1	ape
1	ape
1	ape
1	ape
1	ape
1	ape
1	ape
1	ape
1	ape
1	ape
1	ape
1	ape
1	ape
1	ape
1	ape
1	ape
1	ape
1	ape
1	ape
1	ape
1	ape
1	ape
1	ape
1	ape
1	ape
1	ape
1	ape
1	ape
1	ape
1	ape
1	ape
1	ape
1	ape
1	ape
1	ape
1	ape
1	ape
1	ape
1	ape
1	ape
1	ape
1	ape
1	ape
1	ape
1	ape
1	ape
1	ape
1	ape
1	ape
1	ape
1	ape
1	ape
1	ape
1	ape
1	ape
1	ape
1	ape
1	ape
1	ape
1	ape
1	ape
1	ape
1	ape
1	ape
1	ape
1	ape
1	ape
1	ape
1	ape
1	ape
1	ape
1	ape
1	ape
1	ape
1	ape
1	ape
1	ape
1	ape
1	ape
1	ape
1	ape
1	ape
1	ape
1	ape
1	ape
1	ape
1	ape
1	ape
1	ape
1	ape
1	ape
1	ape
1	ape
1	ape
1	ape
1	ape
1	ape
1	ape
1	ape
1	ape
1	ape
1	ape
1	ape
1	ape
1	ape
1	ape
1	ape
1	ape
1	ape
1	ape
1	ape
1	ape
1	ape
1	ape
1	ape
1	ape
1	ape
1	ape
1	ape
1	ape
1	ape
1	ape
1	ape
1	ape
1	ape
1	ape
1	ape
1	ape
1	ape
1	ape
1	ape
1	ape
1	ape
1	ape
1	ape
1	ape
1	ape
1	ape
1	ape
1	ape
1	ape
1	ape
1	ape
1	ape
1	ape
1	ape
1	ape
1	ape
1	ape
1	ape
1	ape
1	ape
1	ape
1	ape
1	ape
1	ape
1	ape
1	ape
1	ape
1	ape
1	ape
1	ape
1	ape
1	ape
1	ape
1	ape
1	ape
1	ape
1	ape
1	ape
1	ape
1	ape
1	ape
1	ape
1	ape
1	ape
1	ape
1	ape
1	ape
1	ape
1	ape
1	ape
1	ape
1	ape
1	ape
1	ape
1	ape
1	ape
1	ape
1	ape
1	ape
1	ape
1	ape
1	ape
1	ape
1	ape
1	ape
1	ape
1	ape
1	ape
1	ape
1	ape
1	ape
1	ape
1	ape
1	ape
1	ape
1	ape
1	ape
1	ape
1	ape
1	ape
1	ape
1	ape
1	ape
1	ape
1	ape
1	ape
1	ape
1	ape
1	ape
1	ape
1	ape
1	ape
1	ape
1	ape
1	ape
1	ape
1	ape
1	ape
1	ape
1	ape
1	ape
1	ape
1	ape
1	ape
1	ape
1	ape
1	ape
1	ape
1	ape
1	ape
1	ape
1	ape
1	ape
1	ape
1	ape
1	ape
1	ape
1	ape
1	ape
1	ape
1	ape
1	ape
1	ape
1	ape
1	ape
1	ape
1	ape
1	ape
1	ape
1	ape
1	ape
1	ape
1	ape
1	ape
1	ape
1	ape
1	ape
1	ape
1	ape
1	ape
1	ape
1	ape
1	ape
1	ape
1	ape
1	ape
1	ape
1	ape
1	ape
1	ape
1	ape
1	ape
1	ape
1	ape
1	ape
1	ape
1	ape
1	ape
1	ape
1	ape
1	ape
1	ape
1	ape
1	ape
1	ape
1	ape
1	ape
1	ape
1	ape
1	ape
1	ape
1	ape
1	ape
1	ape
1	ape
1	ape
1	ape
1	ape
1	ape
1	ape
1	ape
1	ape
1	ape
1	ape
1	ape
1	ape
1	ape
1	ape
1	ape
1	ape
1	ape
1	ape
1	ape
1	ape
1	ape
1	ape
1	ape
1	ape
1	ape
1	ape
1	ape
1	ape
1	ape
1	ape
1	ape
1	ape
1	ape
1	ape
1	ape
1	ape
1	ape
1	ape
1	ape
1	ape
1	ape
1	ape
1	ape
1	ape
1	ape
1	ape
1	ape
1	ape
1	ape
1	ape
1	ape
1	ape
1	ape
1	ape
1	ape
1	ape
1	ape
1	ape
1	ape
1	ape
1	ape
1	ape
1	ape
1	ape
1	ape
1	ape
1	ape
1	ape
1	ape
1	ape
1	ape
1	ape
1	ape
1	ape
1	ape
1	ape
1	ape
1	ape
1	ape
1	ape
1	ape
1	ape
1	ape
1	ape
1	ape
1	ape
1	ape
1	ape
1	ape
1	ape
1	ape
1	ape
1	ape
1	ape
1	ape
1	ape
1	ape
1	ape
1	ape
1	ape
1	ape
1	ape
1	ape
1	ape
1	ape
1	ape
1	ape
1	ape
1	ape
1	ape
1	ape
1	ape
1	ape
1	ape
1	ape
1	ape
1	ape
1	ape
1	ape
1	ape
1	ape
1	ape
1	ape
1	ape
1	ape
1	ape
1	ape
1	ape
1	ape
1	ape
1	ape
1	ape
1	ape
1	ape
1	ape
1	ape
1	ape
1	ape
1	ape
1	ape
2	benchvise
2	benchvise
2	benchvise
2	benchvise
2	benchvise
2	benchvise
2	benchvise
2	benchvise
2	benchvise
2	benchvise
2	benchvise
2	benchvise
2	benchvise
2	benchvise
2	benchvise
2	benchvise
2	benchvise
2	benchvise
2	benchvise
2	benchvise
2	benchvise
2	benchvise
2	benchvise
2	benchvise
2	benchvise
2	benchvise
2	benchvise
2	benchvise
2	benchvise
2	benchvise
2	benchvise
2	benchvise
2	benchvise
2	benchvise
2	benchvise
2	benchvise
2	benchvise
2	benchvise
2	benchvise
2	benchvise
2	benchvise
2	benchvise
2	benchvise
2	benchvise
2	benchvise
2	benchvise
2	benchvise
2	benchvise
2	benchvise
2	benchvise
2	benchvise
2	benchvise
2	benchvise
2	benchvise
2	benchvise
2	benchvise
2	benchvise
2	benchvise
2	benchvise
2	benchvise
2	benchvise
2	benchvise
2	benchvise
2	benchvise
2	benchvise
2	benchvise
2	benchvise
2	benchvise
2	benchvise
2	benchvise
2	benchvise
2	benchvise
2	benchvise
2	benchvise
2	benchvise
2	benchvise
2	benchvise
2	benchvise
2	benchvise
2	benchvise
2	benchvise
2	benchvise
2	benchvise
2	benchvise
2	benchvise
2	benchvise
2	benchvise
2	benchvise
2	benchvise
2	benchvise
2	benchvise
2	benchvise
2	benchvise
2	benchvise
2	benchvise
2	benchvise
2	benchvise
2	benchvise
2	benchvise
2	benchvise
2	benchvise
2	benchvise
2	benchvise
2	benchvise
2	benchvise
2	benchvise
2	benchvise
2	benchvise
2	benchvise
2	benchvise
2	benchvise
2	benchvise
2	benchvise
2	benchvise
2	benchvise
2	benchvise
2	benchvise
2	benchvise
2	benchvise
2	benchvise
2	benchvise
2	benchvise
2	benchvise
2	benchvise
2	benchvise
2	benchvise
2	benchvise
2	benchvise
2	benchvise
2	benchvise
2	benchvise
2	benchvise
2	benchvise
2	benchvise
2	benchvise
2	benchvise
2	benchvise
2	benchvise
2	benchvise
2	benchvise
2	benchvise
2	benchvise
2	benchvise
2	benchvise
2	benchvise
2	benchvise
2	benchvise
2	benchvise
2	benchvise
2	benchvise
2	benchvise
2	benchvise
2	benchvise
2	benchvise
2	benchvise
2	benchvise
2	benchvise
2	benchvise
2	benchvise
2	benchvise
2	benchvise
2	benchvise
2	benchvise
2	benchvise
2	benchvise
2	benchvise
2	benchvise
2	benchvise
2	benchvise
2	benchvise
2	benchvise
2	benchvise
2	benchvise
2	benchvise
2	benchvise
2	benchvise
2	benchvise
2	benchvise
2	benchvise
2	benchvise
2	benchvise
2	benchvise
2	benchvise
2	benchvise
2	benchvise
2	benchvise
2	benchvise
2	benchvise
2	benchvise
2	benchvise
2	benchvise
2	benchvise
2	benchvise
2	benchvise
2	benchvise
2	benchvise
2	benchvise
2	benchvise
2	benchvise
2	benchvise
2	benchvise
2	benchvise
2	benchvise
2	benchvise
2	benchvise
2	benchvise
2	benchvise
2	benchvise
2	benchvise
2	benchvise
2	benchvise
2	benchvise
2	benchvise
2	benchvise
2	benchvise
2	benchvise
2	benchvise
2	benchvise
2	benchvise
2	benchvise
2	benchvise
2	benchvise
2	benchvise
2	benchvise
2	benchvise
2	benchvise
2	benchvise
2	benchvise
2	benchvise
2	benchvise
2	benchvise
2	benchvise
2	benchvise
2	benchvise
2	benchvise
2	benchvise
2	benchvise
2	benchvise
2	benchvise
2	benchvise
2	benchvise
2	benchvise
2	benchvise
2	benchvise
2	benchvise
2	benchvise
2	benchvise
2	benchvise
2	benchvise
2	benchvise
2	benchvise
2	benchvise
2	benchvise
2	benchvise
2	benchvise
2	benchvise
2	benchvise
2	benchvise
2	benchvise
2	benchvise
2	benchvise
2	benchvise
2	benchvise
2	benchvise
2	benchvise
2	benchvise
2	benchvise
2	benchvise
2	benchvise
2	benchvise
2	benchvise
2	benchvise
2	benchvise
2	benchvise
2	benchvise
2	benchvise
2	benchvise
2	benchvise
2	benchvise
2	benchvise
2	benchvise
2	benchvise
2	benchvise
2	benchvise
2	benchvise
2	benchvise
2	benchvise
2	benchvise
2	benchvise
2	benchvise
2	benchvise
2	benchvise
2	benchvise
2	benchvise
2	benchvise
2	benchvise
2	benchvise
2	benchvise
2	benchvise
2	benchvise
2	benchvise
2	benchvise
2	benchvise
2	benchvise
2	benchvise
2	benchvise
2	benchvise
2	benchvise
2	benchvise
2	benchvise
2	benchvise
2	benchvise
2	benchvise
2	benchvise
2	benchvise
2	benchvise
2	benchvise
2	benchvise
2	benchvise
2	benchvise
2	benchvise
2	benchvise
2	benchvise
2	benchvise
2	benchvise
2	benchvise
2	benchvise
2	benchvise
2	benchvise
2	benchvise
2	benchvise
2	benchvise
2	benchvise
2	benchvise
2	benchvise
2	benchvise
2	benchvise
2	benchvise
2	benchvise
2	benchvise
2	benchvise
2	benchvise
2	benchvise
2	benchvise
2	benchvise
2	benchvise
2	benchvise
2	benchvise
2	benchvise
2	benchvise
2	benchvise
2	benchvise
2	benchvise
2	benchvise
2	benchvise
2	benchvise
2	benchvise
2	benchvise
2	benchvise
2	benchvise
2	benchvise
2	benchvise
2	benchvise
2	benchvise
2	benchvise
2	benchvise
2	benchvise
2	benchvise
2	benchvise
2	benchvise
2	benchvise
2	benchvise
2	benchvise
2	benchvise
2	benchvise
2	benchvise
2	benchvise
2	benchvise
2	benchvise
2	benchvise
2	benchvise
2	benchvise
2	benchvise
2	benchvise
2	benchvise
2	benchvise
2	benchvise
2	benchvise
2	benchvise
2	benchvise
2	benchvise
2	benchvise
2	benchvise
2	benchvise
2	benchvise
2	benchvise
2	benchvise
2	benchvise
2	benchvise
2	benchvise
2	benchvise
2	benchvise
2	benchvise
2	benchvise
2	benchvise
2	benchvise
2	benchvise
2	benchvise
2	benchvise
2	benchvise
2	benchvise
2	benchvise
2	benchvise
2	benchvise
2	benchvise
2	benchvise
2	benchvise
2	benchvise
2	benchvise
2	benchvise
2	benchvise
2	benchvise
2	benchvise
2	benchvise
2	benchvise
2	benchvise
2	benchvise
2	benchvise
2	benchvise
2	benchvise
2	benchvise
2	benchvise
2	benchvise
2	benchvise
2	benchvise
2	benchvise
2	benchvise
2	benchvise
2	benchvise
2	benchvise
2	benchvise
2	benchvise
2	benchvise
2	benchvise
2	benchvise
2	benchvise
2	benchvise
2	benchvise
2	benchvise
2	benchvise
2	benchvise
2	benchvise
2	benchvise
2	benchvise
2	benchvise
2	benchvise
2	benchvise
2	benchvise
2	benchvise
2	benchvise
2	benchvise
2	benchvise
2	benchvise
2	benchvise
2	benchvise
2	benchvise
2	benchvise
2	benchvise
2	benchvise
2	benchvise
2	benchvise
2	benchvise
2	benchvise
2	benchvise
2	benchvise
2	benchvise
2	benchvise
2	benchvise
2	benchvise
2	benchvise
2	benchvise
2	benchvise
2	benchvise
2	benchvise
2	benchvise
2	benchvise
2	benchvise
2	benchvise
2	benchvise
2	benchvise
2	benchvise
2	benchvise
2	benchvise
2	benchvise
2	benchvise
2	benchvise
2	benchvise
2	benchvise
2	benchvise
2	benchvise
2	benchvise
2	benchvise
2	benchvise
2	benchvise
2	benchvise
2	benchvise
2	benchvise
2	benchvise
2	benchvise
2	benchvise
2	benchvise
2	benchvise
2	benchvise
2	benchvise
2	benchvise
2	benchvise
2	benchvise
2	benchvise
2	benchvise
2	benchvise
2	benchvise
2	benchvise
2	benchvise
2	benchvise
2	benchvise
2	benchvise
2	benchvise
2	benchvise
2	benchvise
2	benchvise
2	benchvise
2	benchvise
2	benchvise
2	benchvise
2	benchvise
2	benchvise
2	benchvise
2	benchvise
2	benchvise
2	benchvise
2	benchvise
2	benchvise
2	benchvise
2	benchvise
2	benchvise
2	benchvise
2	benchvise
2	benchvise
2	benchvise
2	benchvise
2	benchvise
2	benchvise
2	benchvise
2	benchvise
2	benchvise
2	benchvise
2	benchvise
2	benchvise
2	benchvise
2	benchvise
2	benchvise
2	benchvise
2	benchvise
2	benchvise
2	benchvise
2	benchvise
2	benchvise
2	benchvise
2	benchvise
2	benchvise
2	benchvise
2	benchvise
2	benchvise
2	benchvise
2	benchvise
2	benchvise
2	benchvise
2	benchvise
2	benchvise
2	benchvise
2	benchvise
2	benchvise
2	benchvise
2	benchvise
2	benchvise
2	benchvise
2	benchvise
2	benchvise
2	benchvise
2	benchvise
2	benchvise
2	benchvise
2	benchvise
2	benchvise
2	benchvise
2	benchvise
2	benchvise
2	benchvise
2	benchvise
2	benchvise
2	benchvise
2	benchvise
2	benchvise
2	benchvise
2	benchvise
2	benchvise
2	benchvise
2	benchvise
2	benchvise
2	benchvise
2	benchvise
2	benchvise
2	benchvise
2	benchvise
2	benchvise
2	benchvise
2	benchvise
2	benchvise
2	benchvise
2	benchvise
2	benchvise
2	benchvise
2	benchvise
2	benchvise
2	benchvise
2	benchvise
2	benchvise
2	benchvise
2	benchvise
2	benchvise
2	benchvise
2	benchvise
2	benchvise
2	benchvise
2	benchvise
2	benchvise
2	benchvise
2	benchvise
2	benchvise
2	benchvise
2	benchvise
2	benchvise
2	benchvise
2	benchvise
2	benchvise
2	benchvise
2	benchvise
2	benchvise
2	benchvise
2	benchvise
2	benchvise
2	benchvise
2	benchvise
2	benchvise
2	benchvise
2	benchvise
2	benchvise
2	benchvise
2	benchvise
2	benchvise
2	benchvise
2	benchvise
2	benchvise
2	benchvise
2	benchvise
2	benchvise
2	benchvise
2	benchvise
2	benchvise
2	benchvise
2	benchvise
2	benchvise
2	benchvise
2	benchvise
2	benchvise
2	benchvise
2	benchvise
2	benchvise
2	benchvise
2	benchvise
2	benchvise
2	benchvise
2	benchvise
2	benchvise
2	benchvise
2	benchvise
2	benchvise
2	benchvise
2	benchvise
2	benchvise
2	benchvise
2	benchvise
2	benchvise
2	benchvise
2	benchvise
2	benchvise
2	benchvise
2	benchvise
2	benchvise
2	benchvise
2	benchvise
2	benchvise
2	benchvise
2	benchvise
2	benchvise
2	benchvise
3	cam
3	cam
3	cam
3	cam
3	cam
3	cam
3	cam
3	cam
3	cam
3	cam
3	cam
3	cam
3	cam
3	cam
3	cam
3	cam
3	cam
3	cam
3	cam
3	cam
3	cam
3	cam
3	cam
3	cam
3	cam
3	cam
3	cam
3	cam
3	cam
3	cam
3	cam
3	cam
3	cam
3	cam
3	cam
3	cam
3	cam
3	cam
3	cam
3	cam
3	cam
3	cam
3	cam
3	cam
3	cam
3	cam
3	cam
3	cam
3	cam
3	cam
3	cam
3	cam
3	cam
3	cam
3	cam
3	cam
3	cam
3	cam
3	cam
3	cam
3	cam
3	cam
3	cam
3	cam
3	cam
3	cam
3	cam
3	cam
3	cam
3	cam
3	cam
3	cam
3	cam
3	cam
3	cam
3	cam
3	cam
3	cam
3	cam
3	cam
3	cam
3	cam
3	cam
3	cam
3	cam
3	cam
3	cam
3	cam
3	cam
3	cam
3	cam
3	cam
3	cam
3	cam
3	cam
3	cam
3	cam
3	cam
3	cam
3	cam
3	cam
3	cam
3	cam
3	cam
3	cam
3	cam
3	cam
3	cam
3	cam
3	cam
3	cam
3	cam
3	cam
3	cam
3	cam
3	cam
3	cam
3	cam
3	cam
3	cam
3	cam
3	cam
3	cam
3	cam
3	cam
3	cam
3	cam
3	cam
3	cam
3	cam
3	cam
3	cam
3	cam
3	cam
3	cam
3	cam
3	cam
3	cam
3	cam
3	cam
3	cam
3	cam
3	cam
3	cam
3	cam
3	cam
3	cam
3	cam
3	cam
3	cam
3	cam
3	cam
3	cam
3	cam
3	cam
3	cam
3	cam
3	cam
3	cam
3	cam
3	cam
3	cam
3	cam
3	cam
3	cam
3	cam
3	cam
3	cam
3	cam
3	cam
3	cam
3	cam
3	cam
3	cam
3	cam
3	cam
3	cam
3	cam
3	cam
3	cam
3	cam
3	cam
3	cam
3	cam
3	cam
3	cam
3	cam
3	cam
3	cam
3	cam
3	cam
3	cam
3	cam
3	cam
3	cam
3	cam
3	cam
3	cam
3	cam
3	cam
3	cam
3	cam
3	cam
3	cam
3	cam
3	cam
3	cam
3	cam
3	cam
3	cam
3	cam
3	cam
3	cam
3	cam
3	cam
3	cam
3	cam
3	cam
3	cam
3	cam
3	cam
3	cam
3	cam
3	cam
3	cam
3	cam
3	cam
3	cam
3	cam
3	cam
3	cam
3	cam
3	cam
3	cam
3	cam
3	cam
3	cam
3	cam
3	cam
3	cam
3	cam
3	cam
3	cam
3	cam
3	cam
3	cam
3	cam
3	cam
3	cam
3	cam
3	cam
3	cam
3	cam
3	cam
3	cam
3	cam
3	cam
3	cam
3	cam
3	cam
3	cam
3	cam
3	cam
3	cam
3	cam
3	cam
3	cam
3	cam
3	cam
3	cam
3	cam
3	cam
3	cam
3	cam
3	cam
3	cam
3	cam
3	cam
3	cam
3	cam
3	cam
3	cam
3	cam
3	cam
3	cam
3	cam
3	cam
3	cam
3	cam
3	cam
3	cam
3	cam
3	cam
3	cam
3	cam
3	cam
3	cam
3	cam
3	cam
3	cam
3	cam
3	cam
3	cam
3	cam
3	cam
3	cam
3	cam
3	cam
3	cam
3	cam
3	cam
3	cam
3	cam
3	cam
3	cam
3	cam
3	cam
3	cam
3	cam
3	cam
3	cam
3	cam
3	cam
3	cam
3	cam
3	cam
3	cam
3	cam
3	cam
3	cam
3	cam
3	cam
3	cam
3	cam
3	cam
3	cam
3	cam
3	cam
3	cam
3	cam
3	cam
3	cam
3	cam
3	cam
3	cam
3	cam
3	cam
3	cam
3	cam
3	cam
3	cam
3	cam
3	cam
3	cam
3	cam
3	cam
3	cam
3	cam
3	cam
3	cam
3	cam
3	cam
3	cam
3	cam
3	cam
3	cam
3	cam
3	cam
3	cam
3	cam
3	cam
3	cam
3	cam
3	cam
3	cam
3	cam
3	cam
3	cam
3	cam
3	cam
3	cam
3	cam
3	cam
3	cam
3	cam
3	cam
3	cam
3	cam
3	cam
3	cam
3	cam
3	cam
3	cam
3	cam
3	cam
3	cam
3	cam
3	cam
3	cam
3	cam
3	cam
3	cam
3	cam
3	cam
3	cam
3	cam
3	cam
3	cam
3	cam
3	cam
3	cam
3	cam
3	cam
3	cam
3	cam
3	cam
3	cam
3	cam
3	cam
3	cam
3	cam
3	cam
3	cam
3	cam
3	cam
3	cam
3	cam
3	cam
3	cam
3	cam
3	cam
3	cam
3	cam
3	cam
3	cam
3	cam
3	cam
3	cam
3	cam
3	cam
3	cam
3	cam
3	cam
3	cam
3	cam
3	cam
3	cam
3	cam
3	cam
3	cam
3	cam
3	cam
3	cam
3	cam
3	cam
3	cam
3	cam
3	cam
3	cam
3	cam
3	cam
3	cam
3	cam
3	cam
3	cam
3	cam
3	cam
3	cam
3	cam
3	cam
3	cam
3	cam
3	cam
3	cam
3	cam
3	cam
3	cam
3	cam
3	cam
3	cam
3	cam
3	cam
3	cam
3	cam
3	cam
3	cam
3	cam
3	cam
3	cam
3	cam
3	cam
3	cam
3	cam
3	cam
3	cam
3	cam
3	cam
3	cam
3	cam
3	cam
3	cam
3	cam
3	cam
3	cam
3	cam
3	cam
3	cam
3	cam
3	cam
3	cam
3	cam
3	cam
3	cam
3	cam
3	cam
3	cam
3	cam
3	cam
3	cam
3	cam
3	cam
3	cam
3	cam
3	cam
3	cam
3	cam
3	cam
3	cam
3	cam
3	cam
3	cam
3	cam
3	cam
3	cam
3	cam
3	cam
3	cam
3	cam
3	cam
3	cam
3	cam
3	cam
3	cam
3	cam
3	cam
3	cam
3	cam
3	cam
3	cam
3	cam
3	cam
3	cam
3	cam
3	cam
3	cam
3	cam
3	cam
3	cam
3	cam
3	cam
3	cam
3	cam
3	cam
3	cam
3	cam
3	cam
3	cam
3	cam
3	cam
3	cam
3	cam
3	cam
3	cam
3	cam
3	cam
3	cam
3	cam
3	cam
3	cam
3	cam
3	cam
3	cam
3	cam
3	cam
3	cam
3	cam
3	cam
3	cam
3	cam
3	cam
3	cam
3	cam
3	cam
3	cam
3	cam
3	cam
3	cam
3	cam
3	cam
3	cam
3	cam
3	cam
3	cam
3	cam
3	cam
3	cam
3	cam
3	cam
3	cam
3	cam
3	cam
3	cam
3	cam
3	cam
3	cam
3	cam
3	cam
3	cam
3	cam
3	cam
3	cam
3	cam
3	cam
3	cam
3	cam
3	cam
3	cam
3	cam
3	cam
3	cam
3	cam
3	cam
3	cam
3	cam
3	cam
3	cam
3	cam
3	cam
3	cam
3	cam
3	cam
3	cam
3	cam
3	cam
3	cam
3	cam
3	cam
3	cam
3	cam
3	cam
3	cam
3	cam
3	cam
3	cam
3	cam
3	cam
3	cam
3	cam
3	cam
3	cam
3	cam
3	cam
3	cam
3	cam
3	cam
3	cam
3	cam
3	cam
3	cam
3	cam
3	cam
3	cam
3	cam
3	cam
3	cam
3	cam
3	cam
3	cam
3	cam
3	cam
3	cam
3	cam
3	cam
3	cam
3	cam
3	cam
3	cam
3	cam
3	cam
3	cam
3	cam
3	cam
3	cam
3	cam
3	cam
3	cam
3	cam
3	cam
3	cam
3	cam
3	cam
3	cam
3	cam
3	cam
3	cam
3	cam
4	cat
4	cat
4	cat
4	cat
4	cat
4	cat
4	cat
4	cat
4	cat
4	cat
4	cat
4	cat
4	cat
4	cat
4	cat
4	cat
4	cat
4	cat
4	cat
4	cat
4	cat
4	cat
4	cat
4	cat
4	cat
4	cat
4	cat
4	cat
4	cat
4	cat
4	cat
4	cat
4	cat
4	cat
4	cat
4	cat
4	cat
4	cat
4	cat
4	cat
4	cat
4	cat
4	cat
4	cat
4	cat
4	cat
4	cat
4	cat
4	cat
4	cat
4	cat
4	cat
4	cat
4	cat
4	cat
4	cat
4	cat
4	cat
4	cat
4	cat
4	cat
4	cat
4	cat
4	cat
4	cat
4	cat
4	cat
4	cat
4	cat
4	cat
4	cat
4	cat
4	cat
4	cat
4	cat
4	cat
4	cat
4	cat
4	cat
4	cat
4	cat
4	cat
4	cat
4	cat
4	cat
4	cat
4	cat
4	cat
4	cat
4	cat
4	cat
4	cat
4	cat
4	cat
4	cat
4	cat
4	cat
4	cat
4	cat
4	cat
4	cat
4	cat
4	cat
4	cat
4	cat
4	cat
4	cat
4	cat
4	cat
4	cat
4	cat
4	cat
4	cat
4	cat
4	cat
4	cat
4	cat
4	cat
4	cat
4	cat
4	cat
4	cat
4	cat
4	cat
4	cat
4	cat
4	cat
4	cat
4	cat
4	cat
4	cat
4	cat
4	cat
4	cat
4	cat
4	cat
4	cat
4	cat
4	cat
4	cat
4	cat
4	cat
4	cat
4	cat
4	cat
4	cat
4	cat
4	cat
4	cat
4	cat
4	cat
4	cat
4	cat
4	cat
4	cat
4	cat
4	cat
4	cat
4	cat
4	cat
4	cat
4	cat
4	cat
4	cat
4	cat
4	cat
4	cat
4	cat
4	cat
4	cat
4	cat
4	cat
4	cat
4	cat
4	cat
4	cat
4	cat
4	cat
4	cat
4	cat
4	cat
4	cat
4	cat
4	cat
4	cat
4	cat
4	cat
4	cat
4	cat
4	cat
4	cat
4	cat
4	cat
4	cat
4	cat
4	cat
4	cat
4	cat
4	cat
4	cat
4	cat
4	cat
4	cat
4	cat
4	cat
4	cat
4	cat
4	cat
4	cat
4	cat
4	cat
4	cat
4	cat
4	cat
4	cat
4	cat
4	cat
4	cat
4	cat
4	cat
4	cat
4	cat
4	cat
4	cat
4	cat
4	cat
4	cat
4	cat
4	cat
4	cat
4	cat
4	cat
4	cat
4	cat
4	cat
4	cat
4	cat
4	cat
4	cat
4	cat
4	cat
4	cat
4	cat
4	cat
4	cat
4	cat
4	cat
4	cat
4	cat
4	cat
4	cat
4	cat
4	cat
4	cat
4	cat
4	cat
4	cat
4	cat
4	cat
4	cat
4	cat
4	cat
4	cat
4	cat
4	cat
4	cat
4	cat
4	cat
4	cat
4	cat
4	cat
4	cat
4	cat
4	cat
4	cat
4	cat
4	cat
4	cat
4	cat
4	cat
4	cat
4	cat
4	cat
4	cat
4	cat
4	cat
4	cat
4	cat
4	cat
4	cat
4	cat
4	cat
4	cat
4	cat
4	cat
4	cat
4	cat
4	cat
4	cat
4	cat
4	cat
4	cat
4	cat
4	cat
4	cat
4	cat
4	cat
4	cat
4	cat
4	cat
4	cat
4	cat
4	cat
4	cat
4	cat
4	cat
4	cat
4	cat
4	cat
4	cat
4	cat
4	cat
4	cat
4	cat
4	cat
4	cat
4	cat
4	cat
4	cat
4	cat
4	cat
4	cat
4	cat
4	cat
4	cat
4	cat
4	cat
4	cat
4	cat
4	cat
4	cat
4	cat
4	cat
4	cat
4	cat
4	cat
4	cat
4	cat
4	cat
4	cat
4	cat
4	cat
4	cat
4	cat
4	cat
4	cat
4	cat
4	cat
4	cat
4	cat
4	cat
4	cat
4	cat
4	cat
4	cat
4	cat
4	cat
4	cat
4	cat
4	cat
4	cat
4	cat
4	cat
4	cat
4	cat
4	cat
4	cat
4	cat
4	cat
4	cat
4	cat
4	cat
4	cat
4	cat
4	cat
4	cat
4	cat
4	cat
4	cat
4	cat
4	cat
4	cat
4	cat
4	cat
4	cat
4	cat
4	cat
4	cat
4	cat
4	cat
4	cat
4	cat
4	cat
4	cat
4	cat
4	cat
4	cat
4	cat
4	cat
4	cat
4	cat
4	cat
4	cat
4	cat
4	cat
4	cat
4	cat
4	cat
4	cat
4	cat
4	cat
4	cat
4	cat
4	cat
4	cat
4	cat
4	cat
4	cat
4	cat
4	cat
4	cat
4	cat
4	cat
4	cat
4	cat
4	cat
4	cat
4	cat
4	cat
4	cat
4	cat
4	cat
4	cat
4	cat
4	cat
4	cat
4	cat
4	cat
4	cat
4	cat
4	cat
4	cat
4	cat
4	cat
4	cat
4	cat
4	cat
4	cat
4	cat
4	cat
4	cat
4	cat
4	cat
4	cat
4	cat
4	cat
4	cat
4	cat
4	cat
4	cat
4	cat
4	cat
4	cat
4	cat
4	cat
4	cat
4	cat
4	cat
4	cat
4	cat
4	cat
4	cat
4	cat
4	cat
4	cat
4	cat
4	cat
4	cat
4	cat
4	cat
4	cat
4	cat
4	cat
4	cat
4	cat
4	cat
4	cat
4	cat
4	cat
4	cat
4	cat
4	cat
4	cat
4	cat
4	cat
4	cat
4	cat
4	cat
4	cat
4	cat
4	cat
4	cat
4	cat
4	cat
4	cat
4	cat
4	cat
4	cat
4	cat
4	cat
4	cat
4	cat
4	cat
4	cat
4	cat
4	cat
4	cat
4	cat
4	cat
4	cat
4	cat
4	cat
4	cat
4	cat
4	cat
4	cat
4	cat
4	cat
4	cat
4	cat
4	cat
4	cat
4	cat
4	cat
4	cat
4	cat
4	cat
4	cat
4	cat
4	cat
4	cat
4	cat
4	cat
4	cat
4	cat
4	cat
4	cat
4	cat
4	cat
4	cat
4	cat
4	cat
4	cat
4	cat
4	cat
4	cat
4	cat
4	cat
4	cat
4	cat
4	cat
4	cat
4	cat
4	cat
4	cat
4	cat
4	cat
4	cat
4	cat
4	cat
4	cat
4	cat
4	cat
4	cat
4	cat
4	cat
4	cat
4	cat
4	cat
4	cat
4	cat
4	cat
4	cat
4	cat
4	cat
4	cat
4	cat
4	cat
4	cat
4	cat
4	cat
4	cat
4	cat
4	cat
4	cat
4	cat
4	cat
4	cat
4	cat
4	cat
4	cat
4	cat
4	cat
4	cat
4	cat
4	cat
4	cat
4	cat
4	cat
4	cat
4	cat
4	cat
4	cat
4	cat
4	cat
4	cat
4	cat
4	cat
4	cat
4	cat
4	cat
4	cat
4	cat
4	cat
4	cat
4	cat
4	cat
4	cat
4	cat
4	cat
4	cat
4	cat
4	cat
4	cat
4	cat
4	cat
4	cat
4	cat
4	cat
4	cat
4	cat
4	cat
4	cat
4	cat
4	cat
4	cat
4	cat
4	cat
4	cat
4	cat
4	cat
4	cat
4	cat
4	cat
4	cat
4	cat
4	cat
4	cat
4	cat
4	cat
4	cat
4	cat
4	cat
4	cat
4	cat
4	cat
4	cat
4	cat
4	cat
4	cat
4	cat
4	cat
4	cat
4	cat
4	cat
4	cat
4	cat
4	cat
4	cat
4	cat
4	cat
4	cat
4	cat
4	cat
4	cat
4	cat
4	cat
4	cat
4	cat
4	cat
4	cat
4	cat
4	cat
4	cat
4	cat
4	cat
5	duck
5	duck
5	duck
5	duck
5	duck
5	duck
5	duck
5	duck
5	duck
5	duck
5	duck
5	duck
5	duck
5	duck
5	duck
5	duck
5	duck
5	duck
5	duck
5	duck
5	duck
5	duck
5	duck
5	duck
5	duck
5	duck
5	duck
5	duck
5	duck
5	duck
5	duck
5	duck
5	duck
5	duck
5	duck
5	duck
5	duck
5	duck
5	duck
5	duck
5	duck
5	duck
5	duck
5	duck
5	duck
5	duck
5	duck
5	duck
5	duck
5	duck
5	duck
5	duck
5	duck
5	duck
5	duck
5	duck
5	duck
5	duck
5	duck
5	duck
5	duck
5	duck
5	duck
5	duck
5	duck
5	duck
5	duck
5	duck
5	duck
5	duck
5	duck
5	duck
5	duck
5	duck
5	duck
5	duck
5	duck
5	duck
5	duck
5	duck
5	duck
5	duck
5	duck
5	duck
5	duck
5	duck
5	duck
5	duck
5	duck
5	duck
5	duck
5	duck
5	duck
5	duck
5	duck
5	duck
5	duck
5	duck
5	duck
5	duck
5	duck
5	duck
5	duck
5	duck
5	duck
5	duck
5	duck
5	duck
5	duck
5	duck
5	duck
5	duck
5	duck
5	duck
5	duck
5	duck
5	duck
5	duck
5	duck
5	duck
5	duck
5	duck
5	duck
5	duck
5	duck
5	duck
5	duck
5	duck
5	duck
5	duck
5	duck
5	duck
5	duck
5	duck
5	duck
5	duck
5	duck
5	duck
5	duck
5	duck
5	duck
5	duck
5	duck
5	duck
5	duck
5	duck
5	duck
5	duck
5	duck
5	duck
5	duck
5	duck
5	duck
5	duck
5	duck
5	duck
5	duck
5	duck
5	duck
5	duck
5	duck
5	duck
5	duck
5	duck
5	duck
5	duck
5	duck
5	duck
5	duck
5	duck
5	duck
5	duck
5	duck
5	duck
5	duck
5	duck
5	duck
5	duck
5	duck
5	duck
5	duck
5	duck
5	duck
5	duck
5	duck
5	duck
5	duck
5	duck
5	duck
5	duck
5	duck
5	duck
5	duck
5	duck
5	duck
5	duck
5	duck
5	duck
5	duck
5	duck
5	duck
5	duck
5	duck
5	duck
5	duck
5	duck
5	duck
5	duck
5	duck
5	duck
5	duck
5	duck
5	duck
5	duck
5	duck
5	duck
5	duck
5	duck
5	duck
5	duck
5	duck
5	duck
5	duck
5	duck
5	duck
5	duck
5	duck
5	duck
5	duck
5	duck
5	duck
5	duck
5	duck
5	duck
5	duck
5	duck
5	duck
5	duck
5	duck
5	duck
5	duck
5	duck
5	duck
5	duck
5	duck
5	duck
5	duck
5	duck
5	duck
5	duck
5	duck
5	duck
5	duck
5	duck
5	duck
5	duck
5	duck
5	duck
5	duck
5	duck
5	duck
5	duck
5	duck
5	duck
5	duck
5	duck
5	duck
5	duck
5	duck
5	duck
5	duck
5	duck
5	duck
5	duck
5	duck
5	duck
5	duck
5	duck
5	duck
5	duck
5	duck
5	duck
5	duck
5	duck
5	duck
5	duck
5	duck
5	duck
5	duck
5	duck
5	duck
5	duck
5	duck
5	duck
5	duck
5	duck
5	duck
5	duck
5	duck
5	duck
5	duck
5	duck
5	duck
5	duck
5	duck
5	duck
5	duck
5	duck
5	duck
5	duck
5	duck
5	duck
5	duck
5	duck
5	duck
5	duck
5	duck
5	duck
5	duck
5	duck
5	duck
5	duck
5	duck
5	duck
5	duck
5	duck
5	duck
5	duck
5	duck
5	duck
5	duck
5	duck
5	duck
5	duck
5	duck
5	duck
5	duck
5	duck
5	duck
5	duck
5	duck
5	duck
5	duck
5	duck
5	duck
5	duck
5	duck
5	duck
5	duck
5	duck
5	duck
5	duck
5	duck
5	duck
5	duck
5	duck
5	duck
5	duck
5	duck
5	duck
5	duck
5	duck
5	duck
5	duck
5	duck
5	duck
5	duck
5	duck
5	duck
5	duck
5	duck
5	duck
5	duck
5	duck
5	duck
5	duck
5	duck
5	duck
5	duck
5	duck
5	duck
5	duck
5	duck
5	duck
5	duck
5	duck
5	duck
5	duck
5	duck
5	duck
5	duck
5	duck
5	duck
5	duck
5	duck
5	duck
5	duck
5	duck
5	duck
5	duck
5	duck
5	duck
5	duck
5	duck
5	duck
5	duck
5	duck
5	duck
5	duck
5	duck
5	duck
5	duck
5	duck
5	duck
5	duck
5	duck
5	duck
5	duck
5	duck
5	duck
5	duck
5	duck
5	duck
5	duck
5	duck
5	duck
5	duck
5	duck
5	duck
5	duck
5	duck
5	duck
5	duck
5	duck
5	duck
5	duck
5	duck
5	duck
5	duck
5	duck
5	duck
5	duck
5	duck
5	duck
5	duck
5	duck
5	duck
5	duck
5	duck
5	duck
5	duck
5	duck
5	duck
5	duck
5	duck
5	duck
5	duck
5	duck
5	duck
5	duck
5	duck
5	duck
5	duck
5	duck
5	duck
5	duck
5	duck
5	duck
5	duck
5	duck
5	duck
5	duck
5	duck
5	duck
5	duck
5	duck
5	duck
5	duck
5	duck
5	duck
5	duck
5	duck
5	duck
5	duck
5	duck
5	duck
5	duck
5	duck
5	duck
5	duck
5	duck
5	duck
5	duck
5	duck
5	duck
5	duck
5	duck
5	duck
5	duck
5	duck
5	duck
5	duck
5	duck
5	duck
5	duck
5	duck
5	duck
5	duck
5	duck
5	duck
5	duck
5	duck
5	duck
5	duck
5	duck
5	duck
5	duck
5	duck
5	duck
5	duck
5	duck
5	duck
5	duck
5	duck
5	duck
5	duck
5	duck
5	duck
5	duck
5	duck
5	duck
5	duck
5	duck
5	duck
5	duck
5	duck
5	duck
5	duck
5	duck
5	duck
5	duck
5	duck
5	duck
5	duck
5	duck
5	duck
5	duck
5	duck
5	duck
5	duck
5	duck
5	duck
5	duck
5	duck
5	duck
5	duck
5	duck
5	duck
5	duck
5	duck
5	duck
5	duck
5	duck
5	duck
5	duck
5	duck
5	duck
5	duck
5	duck
5	duck
5	duck
5	duck
5	duck
5	duck
5	duck
5	duck
5	duck
5	duck
5	duck
5	duck
5	duck
5	duck
5	duck
5	duck
5	duck
5	duck
5	duck
5	duck
5	duck
5	duck
5	duck
5	duck
5	duck
5	duck
5	duck
5	duck
5	duck
5	duck
5	duck
5	duck
5	duck
5	duck
5	duck
5	duck
5	duck
5	duck
5	duck
5	duck
5	duck
5	duck
5	duck
5	duck
5	duck
5	duck
5	duck
5	duck
5	duck
5	duck
5	duck
5	duck
5	duck
5	duck
5	duck
5	duck
5	duck
5	duck
5	duck
5	duck
5	duck
5	duck
5	duck
5	duck
5	duck
5	duck
5	duck
5	duck
5	duck
5	duck
5	duck
5	duck
5	duck
5	duck
5	duck
5	duck
5	duck
5	duck
5	duck
5	duck
5	duck
5	duck
5	duck
5	duck
5	duck
5	duck
5	duck
5	duck
5	duck
5	duck
5	duck
5	duck
5	duck
5	duck
5	duck
5	duck
5	duck
5	duck
5	duck
5	duck
5	duck
5	duck
5	duck
5	duck
5	duck
5	duck
5	duck
5	duck
5	duck
5	duck
5	duck
5	duck
5	duck
5	duck
5	duck
5	duck
5	duck
5	duck
5	duck
5	duck
5	duck
5	duck
5	duck
5	duck
5	duck
5	duck
5	duck
5	duck
5	duck
5	duck
5	duck
5	duck
5	duck
5	duck
5	duck
5	duck
5	duck
5	duck
